<?xml version="1.0" encoding="UTF-8" standalone="yes"?>
<addon id="plugin.image.sghs" name="SGHS pictures" version="0.0.1" provider-name="SGHS">
  <requires>
    <import addon="xbmc.python" version="2.1.0"/>
  </requires>
  <extension point="xbmc.python.pluginsource" library="addon.py">
    <provides>image</provides>
  </extension>
  <extension point="xbmc.addon.metadata">
    <summary lang="fr">SGHS</summary>
    <description lang="fr">Module de photos du Speleo Groupe des Hauts de Seine.</description>
    <disclaimer lang="fr"></disclaimer>
    <summary lang="en_gb">SGHS</summary>
    <description lang="en_gb">Module to view pictures from the Speleo Groupe des Hauts de Seine.</description>
    <disclaimer lang="en_gb"></disclaimer>
    <language></language>
    <platform>all</platform>
    <license></license>
    <forum></forum>
    <website></website>
    <email></email>
    <source></source>
    <news></news>
    <assets>
        <icon>resources/icon.png</icon>
        <fanart>resources/fanart.jpg</fanart>
        <screenshot></screenshot>
    </assets>
  </extension>
</addon>
